Data,Região,Canal,Produto,Valor_Venda,Ano,Mês,Dia,DiaSemana,Cidade
2024-09-01,sul,loja física,paçoca,0.0,2024,9,1,Sunday,florianópolis
2024-09-01,sul,e-commerce,rolhas,0.0,2024,9,1,Sunday,joinville
2025-10-01,sul,e-commerce,paçoca,0.0,2025,10,1,Wednesday,joinville
2024-10-01,sul,loja física,paçoca,0.0,2024,10,1,Tuesday,blumenau
2025-11-01,sul,loja física,rolhas,0.0,2025,11,1,Saturday,blumenau
2024-11-01,sul,e-commerce,paçoca,0.0,2024,11,1,Friday,blumenau
2024-11-01,sul,loja física,rolhas,0.0,2024,11,1,Friday,florianópolis
2024-03-01,sul,loja física,rolhas,0.0,2024,3,1,Friday,joinville
2024-03-01,sul,e-commerce,paçoca,0.0,2024,3,1,Friday,florianópolis
2024-05-01,sul,loja física,paçoca,0.0,2024,5,1,Wednesday,blumenau
2024-05-01,sul,e-commerce,rolhas,0.0,2024,5,1,Wednesday,florianópolis
2024-06-01,sul,e-commerce,paçoca,0.0,2024,6,1,Saturday,blumenau
2024-07-01,sul,e-commerce,rolhas,0.0,2024,7,1,Monday,blumenau
2025-01-01,sul,loja física,rolhas,0.0,2025,1,1,Wednesday,joinville
2024-01-01,sul,loja física,rolhas,0.0,2024,1,1,Monday,joinville
2024-01-01,sul,e-commerce,paçoca,0.0,2024,1,1,Monday,blumenau
2025-02-01,sul,e-commerce,paçoca,0.0,2025,2,1,Saturday,blumenau
2025-12-01,sul,e-commerce,paçoca,0.0,2025,12,1,Monday,florianópolis
2024-12-01,sul,loja física,rolhas,0.0,2024,12,1,Sunday,florianópolis
2024-08-01,sul,loja física,rolhas,0.0,2024,8,1,Thursday,florianópolis
2024-04-01,sul,e-commerce,paçoca,0.0,2024,4,1,Monday,blumenau
